{ 
    "country" : "Afghanistan", 
    "currency_code" : "AFN", 
    "currency_name" : "Afghanistan Afghani"
}
{ 
    "country" : "Albania", 
    "currency_code" : "ALL", 
    "currency_name" : "Albanian Lek"
}
{ 
    "country" : "Algeria", 
    "currency_code" : "DZD", 
    "currency_name" : "Algerian Dinar"
}
{ 
    "country" : "American Samoa", 
    "currency_code" : "USD", 
    "currency_name" : "US Dollar"
}
{ 
    "country" : "Andorra", 
    "currency_code" : "EUR", 
    "currency_name" : "Euro"
}
{ 
    "country" : "Angola", 
    "currency_code" : "AOA", 
    "currency_name" : "Angolan Kwanza"
}
{ 
    "country" : "Anguilla", 
    "currency_code" : "XCD", 
    "currency_name" : "East Caribbean Dollar"
}
{ 
    "country" : "Antarctica", 
    "currency_code" : "XCD", 
    "currency_name" : "East Caribbean Dollar"
}
{ 
    "country" : "Antigua and Barbuda", 
    "currency_code" : "XCD", 
    "currency_name" : "East Caribbean Dollar"
}
{ 
    "country" : "Argentina", 
    "currency_code" : "ARS", 
    "currency_name" : "Argentine Peso"
}
{ 
    "country" : "Armenia", 
    "currency_code" : "AMD", 
    "currency_name" : "Armenian Dram"
}
{ 
    "country" : "Aruba", 
    "currency_code" : "AWG", 
    "currency_name" : "Aruban Guilder"
}
{ 
    "country" : "Australia", 
    "currency_code" : "AUD", 
    "currency_name" : "Australian Dollar"
}
{ 
    "country" : "Austria", 
    "currency_code" : "EUR", 
    "currency_name" : "Euro"
}
{ 
    "country" : "Azerbaijan", 
    "currency_code" : "AZN", 
    "currency_name" : "Azerbaijan New Manat"
}
{ 
    "country" : "Bahamas", 
    "currency_code" : "BSD", 
    "currency_name" : "Bahamian Dollar"
}
{ 
    "country" : "Bahrain", 
    "currency_code" : "BHD", 
    "currency_name" : "Bahraini Dinar"
}
{ 
    "country" : "Bangladesh", 
    "currency_code" : "BDT", 
    "currency_name" : "Bangladeshi Taka"
}
{ 
    "country" : "Barbados", 
    "currency_code" : "BBD", 
    "currency_name" : "Barbados Dollar"
}
{ 
    "country" : "Belarus", 
    "currency_code" : "BYR", 
    "currency_name" : "Belarussian Ruble"
}
{ 
    "country" : "Belgium", 
    "currency_code" : "EUR", 
    "currency_name" : "Euro"
}
{ 
    "country" : "Belize", 
    "currency_code" : "BZD", 
    "currency_name" : "Belize Dollar"
}
{ 
    "country" : "Benin", 
    "currency_code" : "XOF", 
    "currency_name" : "CFA Franc BCEAO"
}
{ 
    "country" : "Bermuda", 
    "currency_code" : "BMD", 
    "currency_name" : "Bermudian Dollar"
}
{ 
    "country" : "Bhutan", 
    "currency_code" : "BTN", 
    "currency_name" : "Bhutan Ngultrum"
}
{ 
    "country" : "Bolivia", 
    "currency_code" : "BOB", 
    "currency_name" : "Boliviano"
}
{ 
    "country" : "Bosnia and Herzegovina", 
    "currency_code" : null, 
    "currency_name" : null
}
{ 
    "country" : "Botswana", 
    "currency_code" : "BWP", 
    "currency_name" : "Botswana Pula"
}
{ 
    "country" : "Bouvet Island", 
    "currency_code" : "NOK", 
    "currency_name" : "Norwegian Krone"
}
{ 
    "country" : "Brazil", 
    "currency_code" : "BRL", 
    "currency_name" : "Brazilian Real"
}
{ 
    "country" : "British Indian Ocean Territory", 
    "currency_code" : "USD", 
    "currency_name" : "US Dollar"
}
{ 
    "country" : "Brunei", 
    "currency_code" : null, 
    "currency_name" : null
}
{ 
    "country" : "Bulgaria", 
    "currency_code" : "BGN", 
    "currency_name" : "Bulgarian Lev"
}
{ 
    "country" : "Burkina Faso", 
    "currency_code" : "XOF", 
    "currency_name" : "CFA Franc BCEAO"
}
{ 
    "country" : "Burundi", 
    "currency_code" : "BIF", 
    "currency_name" : "Burundi Franc"
}
{ 
    "country" : "Cambodia", 
    "currency_code" : "KHR", 
    "currency_name" : "Kampuchean Riel"
}
{ 
    "country" : "Cameroon", 
    "currency_code" : "XAF", 
    "currency_name" : "CFA Franc BEAC"
}
{ 
    "country" : "Canada", 
    "currency_code" : "CAD", 
    "currency_name" : "Canadian Dollar"
}
{ 
    "country" : "Cape Verde", 
    "currency_code" : "CVE", 
    "currency_name" : "Cape Verde Escudo"
}
{ 
    "country" : "Cayman Islands", 
    "currency_code" : "KYD", 
    "currency_name" : "Cayman Islands Dollar"
}
{ 
    "country" : "Central African Republic", 
    "currency_code" : "XAF", 
    "currency_name" : "CFA Franc BEAC"
}
{ 
    "country" : "Chad", 
    "currency_code" : null, 
    "currency_name" : null
}
{ 
    "country" : "Chile", 
    "currency_code" : "CLP", 
    "currency_name" : "Chilean Peso"
}
{ 
    "country" : "China", 
    "currency_code" : "CNY", 
    "currency_name" : "Yuan Renminbi"
}
{ 
    "country" : "Christmas Island", 
    "currency_code" : "AUD", 
    "currency_name" : "Australian Dollar"
}
{ 
    "country" : "Cocos (Keeling) Islands", 
    "currency_code" : "AUD", 
    "currency_name" : " Australian Dollar"
}
{ 
    "country" : "Colombia", 
    "currency_code" : "COP", 
    "currency_name" : "Colombian Peso"
}
{ 
    "country" : "Comoros", 
    "currency_code" : "KMF", 
    "currency_name" : "Comoros Franc"
}
{ 
    "country" : "Congo", 
    "currency_code" : "XAF", 
    "currency_name" : "CFA Franc BEAC"
}
{ 
    "country" : "Cook Islands", 
    "currency_code" : "NZD", 
    "currency_name" : "New Zealand Dollar"
}
{ 
    "country" : "Costa Rica", 
    "currency_code" : "CRC", 
    "currency_name" : "Costa Rican Colon"
}
{ 
    "country" : "Croatia", 
    "currency_code" : "HRK", 
    "currency_name" : "Croatian Kuna"
}
{ 
    "country" : "Cuba", 
    "currency_code" : "CUP", 
    "currency_name" : "Cuban Peso"
}
{ 
    "country" : "Cyprus", 
    "currency_code" : "EUR", 
    "currency_name" : "Euro"
}
{ 
    "country" : "Czech Republic", 
    "currency_code" : null, 
    "currency_name" : null
}
{ 
    "country" : "Denmark", 
    "currency_code" : "DKK", 
    "currency_name" : "Danish Krone"
}
{ 
    "country" : "Djibouti", 
    "currency_code" : "DJF", 
    "currency_name" : "Djibouti Franc"
}
{ 
    "country" : "Dominica", 
    "currency_code" : "XCD", 
    "currency_name" : "East Caribbean Dollar"
}
{ 
    "country" : "Dominican Republic", 
    "currency_code" : "DOP", 
    "currency_name" : "Dominican Peso"
}
{ 
    "country" : "East Timor", 
    "currency_code" : null, 
    "currency_name" : null
}
{ 
    "country" : "Ecuador", 
    "currency_code" : "ECS", 
    "currency_name" : "Ecuador Sucre"
}
{ 
    "country" : "Egypt", 
    "currency_code" : "EGP", 
    "currency_name" : "Egyptian Pound"
}
{ 
    "country" : "El Salvador", 
    "currency_code" : "SVC", 
    "currency_name" : "El Salvador Colon"
}
{ 
    "country" : "England", 
    "currency_code" : null, 
    "currency_name" : null
}
{ 
    "country" : "Equatorial Guinea", 
    "currency_code" : "XAF", 
    "currency_name" : "CFA Franc BEAC"
}
{ 
    "country" : "Eritrea", 
    "currency_code" : "ERN", 
    "currency_name" : "Eritrean Nakfa"
}
{ 
    "country" : "Estonia", 
    "currency_code" : "EUR", 
    "currency_name" : "Euro"
}
{ 
    "country" : "Ethiopia", 
    "currency_code" : "ETB", 
    "currency_name" : "Ethiopian Birr"
}
{ 
    "country" : "Falkland Islands", 
    "currency_code" : null, 
    "currency_name" : null
}
{ 
    "country" : "Faroe Islands", 
    "currency_code" : "DKK", 
    "currency_name" : " Danish Krone"
}
{ 
    "country" : "Fiji Islands", 
    "currency_code" : null, 
    "currency_name" : null
}
{ 
    "country" : "Finland", 
    "currency_code" : "EUR", 
    "currency_name" : "Euro"
}
{ 
    "country" : "France", 
    "currency_code" : "EUR", 
    "currency_name" : "Euro"
}
{ 
    "country" : "French Guiana", 
    "currency_code" : "EUR", 
    "currency_name" : "Euro"
}
{ 
    "country" : "French Polynesia", 
    "currency_code" : null, 
    "currency_name" : null
}
{ 
    "country" : "French Southern territories", 
    "currency_code" : "EUR", 
    "currency_name" : "Euro"
}
{ 
    "country" : "Gabon", 
    "currency_code" : "XAF", 
    "currency_name" : "CFA Franc BEAC"
}
{ 
    "country" : "Gambia", 
    "currency_code" : "GMD", 
    "currency_name" : "Gambian Dalasi"
}
{ 
    "country" : "Georgia", 
    "currency_code" : "GEL", 
    "currency_name" : "Georgian Lari"
}
{ 
    "country" : "Germany", 
    "currency_code" : "EUR", 
    "currency_name" : "Euro"
}
{ 
    "country" : "Ghana", 
    "currency_code" : "GHS", 
    "currency_name" : "Ghanaian Cedi"
}
{ 
    "country" : "Gibraltar", 
    "currency_code" : "GIP", 
    "currency_name" : "Gibraltar Pound"
}
{ 
    "country" : "Greece", 
    "currency_code" : "EUR", 
    "currency_name" : "Euro"
}
{ 
    "country" : "Greenland", 
    "currency_code" : "DKK", 
    "currency_name" : "Danish Krone"
}
{ 
    "country" : "Grenada", 
    "currency_code" : "XCD", 
    "currency_name" : "East Carribean Dollar"
}
{ 
    "country" : "Guadeloupe", 
    "currency_code" : null, 
    "currency_name" : null
}
{ 
    "country" : "Guam", 
    "currency_code" : null, 
    "currency_name" : null
}
{ 
    "country" : "Guatemala", 
    "currency_code" : "QTQ", 
    "currency_name" : "Guatemalan Quetzal"
}
{ 
    "country" : "Guinea", 
    "currency_code" : "GNF", 
    "currency_name" : "Guinea Franc"
}
{ 
    "country" : "Guinea-Bissau", 
    "currency_code" : null, 
    "currency_name" : null
}
{ 
    "country" : "Guyana", 
    "currency_code" : "GYD", 
    "currency_name" : "Guyana Dollar"
}
{ 
    "country" : "Haiti", 
    "currency_code" : "HTG", 
    "currency_name" : "Haitian Gourde"
}
{ 
    "country" : "Heard Island and McDonald Islands", 
    "currency_code" : "AUD", 
    "currency_name" : "Australian Dollar"
}
{ 
    "country" : "Holy See (Vatican City State)", 
    "currency_code" : null, 
    "currency_name" : null
}
{ 
    "country" : "Honduras", 
    "currency_code" : "HNL", 
    "currency_name" : "Honduran Lempira"
}
{ 
    "country" : "Hong Kong", 
    "currency_code" : "HKD", 
    "currency_name" : "Hong Kong Dollar"
}
{ 
    "country" : "Hungary", 
    "currency_code" : "HUF", 
    "currency_name" : "Hungarian Forint"
}
{ 
    "country" : "Iceland", 
    "currency_code" : "ISK", 
    "currency_name" : "Iceland Krona"
}
{ 
    "country" : "India", 
    "currency_code" : "INR", 
    "currency_name" : "Indian Rupee"
}
{ 
    "country" : "Indonesia", 
    "currency_code" : "IDR", 
    "currency_name" : "Indonesian Rupiah"
}
{ 
    "country" : "Iran", 
    "currency_code" : "IRR", 
    "currency_name" : "Iranian Rial"
}
{ 
    "country" : "Iraq", 
    "currency_code" : "IQD", 
    "currency_name" : "Iraqi Dinar"
}
{ 
    "country" : "Ireland", 
    "currency_code" : "EUR", 
    "currency_name" : "Euro"
}
{ 
    "country" : "Israel", 
    "currency_code" : "ILS", 
    "currency_name" : "Israeli New Shekel"
}
{ 
    "country" : "Italy", 
    "currency_code" : "EUR", 
    "currency_name" : "Euro"
}
{ 
    "country" : "Ivory Coast", 
    "currency_code" : "XOF", 
    "currency_name" : "CFA Franc BCEAO"
}
{ 
    "country" : "Jamaica", 
    "currency_code" : "JMD", 
    "currency_name" : "Jamaican Dollar"
}
{ 
    "country" : "Japan", 
    "currency_code" : "JPY", 
    "currency_name" : "Japanese Yen"
}
{ 
    "country" : "Jordan", 
    "currency_code" : "JOD", 
    "currency_name" : "Jordanian Dinar"
}
{ 
    "country" : "Kazakhstan", 
    "currency_code" : null, 
    "currency_name" : null
}
{ 
    "country" : "Kenya", 
    "currency_code" : "KES", 
    "currency_name" : "Kenyan Shilling"
}
{ 
    "country" : "Kiribati", 
    "currency_code" : "AUD", 
    "currency_name" : "Australian Dollar"
}
{ 
    "country" : "Kuwait", 
    "currency_code" : "KWD", 
    "currency_name" : "Kuwaiti Dinar"
}
{ 
    "country" : "Kyrgyzstan", 
    "currency_code" : "KGS", 
    "currency_name" : "Som"
}
{ 
    "country" : "Laos", 
    "currency_code" : "LAK", 
    "currency_name" : "Lao Kip"
}
{ 
    "country" : "Latvia", 
    "currency_code" : "LVL", 
    "currency_name" : "Latvian Lats"
}
{ 
    "country" : "Lebanon", 
    "currency_code" : "LBP", 
    "currency_name" : "Lebanese Pound"
}
{ 
    "country" : "Lesotho", 
    "currency_code" : "LSL", 
    "currency_name" : "Lesotho Loti"
}
{ 
    "country" : "Liberia", 
    "currency_code" : "LRD", 
    "currency_name" : "Liberian Dollar"
}
{ 
    "country" : "Libyan Arab Jamahiriya", 
    "currency_code" : null, 
    "currency_name" : null
}
{ 
    "country" : "Liechtenstein", 
    "currency_code" : "CHF", 
    "currency_name" : "Swiss Franc"
}
{ 
    "country" : "Lithuania", 
    "currency_code" : "LTL", 
    "currency_name" : "Lithuanian Litas"
}
{ 
    "country" : "Luxembourg", 
    "currency_code" : "EUR", 
    "currency_name" : "Euro"
}
{ 
    "country" : "Macao", 
    "currency_code" : null, 
    "currency_name" : null
}
{ 
    "country" : "Madagascar", 
    "currency_code" : "MGF", 
    "currency_name" : "Malagasy Franc"
}
{ 
    "country" : "Malawi", 
    "currency_code" : "MWK", 
    "currency_name" : "Malawi Kwacha"
}
{ 
    "country" : "Malaysia", 
    "currency_code" : "MYR", 
    "currency_name" : "Malaysian Ringgit"
}
{ 
    "country" : "Maldives", 
    "currency_code" : "MVR", 
    "currency_name" : "Maldive Rufiyaa"
}
{ 
    "country" : "Mali", 
    "currency_code" : "XOF", 
    "currency_name" : "CFA Franc BCEAO"
}
{ 
    "country" : "Malta", 
    "currency_code" : "EUR", 
    "currency_name" : "Euro"
}
{ 
    "country" : "Marshall Islands", 
    "currency_code" : "USD", 
    "currency_name" : "US Dollar"
}
{ 
    "country" : "Martinique", 
    "currency_code" : null, 
    "currency_name" : null
}
{ 
    "country" : "Mauritania", 
    "currency_code" : "MRO", 
    "currency_name" : "Mauritanian Ouguiya"
}
{ 
    "country" : "Mauritius", 
    "currency_code" : "MUR", 
    "currency_name" : "Mauritius Rupee"
}
{ 
    "country" : "Mayotte", 
    "currency_code" : "EUR", 
    "currency_name" : "Euro"
}
{ 
    "country" : "Mexico", 
    "currency_code" : "MXN", 
    "currency_name" : "Mexican Nuevo Peso"
}
{ 
    "country" : "Micronesia, Federated States of", 
    "currency_code" : null, 
    "currency_name" : null
}
{ 
    "country" : "Moldova", 
    "currency_code" : "MDL", 
    "currency_name" : "Moldovan Leu"
}
{ 
    "country" : "Monaco", 
    "currency_code" : "EUR", 
    "currency_name" : null
}
{ 
    "country" : "Mongolia", 
    "currency_code" : "MNT", 
    "currency_name" : "Mongolian Tugrik"
}
{ 
    "country" : "Montserrat", 
    "currency_code" : "XCD", 
    "currency_name" : "East Caribbean Dollar"
}
{ 
    "country" : "Morocco", 
    "currency_code" : "MAD", 
    "currency_name" : "Moroccan Dirham"
}
{ 
    "country" : "Mozambique", 
    "currency_code" : "MZN", 
    "currency_name" : "Mozambique Metical"
}
{ 
    "country" : "Myanmar", 
    "currency_code" : "MMR", 
    "currency_name" : "Myanmar Kyat"
}
{ 
    "country" : "Namibia", 
    "currency_code" : "NAD", 
    "currency_name" : "Namibian Dollar"
}
{ 
    "country" : "Nauru", 
    "currency_code" : "AUD", 
    "currency_name" : "Australian Dollar"
}
{ 
    "country" : "Nepal", 
    "currency_code" : "NPR", 
    "currency_name" : "Nepalese Rupee"
}
{ 
    "country" : "Netherlands", 
    "currency_code" : "EUR", 
    "currency_name" : "Euro"
}
{ 
    "country" : "Netherlands Antilles", 
    "currency_code" : "ANG", 
    "currency_name" : "Netherlands Antillean Guilder"
}
{ 
    "country" : "New Caledonia", 
    "currency_code" : null, 
    "currency_name" : null
}
{ 
    "country" : "New Zealand", 
    "currency_code" : "NZD", 
    "currency_name" : "New Zealand Dollar"
}
{ 
    "country" : "Nicaragua", 
    "currency_code" : "NIO", 
    "currency_name" : "Nicaraguan Cordoba Oro"
}
{ 
    "country" : "Niger", 
    "currency_code" : "XOF", 
    "currency_name" : "CFA Franc BCEAO"
}
{ 
    "country" : "Nigeria", 
    "currency_code" : "NGN", 
    "currency_name" : "Nigerian Naira"
}
{ 
    "country" : "Niue", 
    "currency_code" : "NZD", 
    "currency_name" : "New Zealand Dollar"
}
{ 
    "country" : "Norfolk Island", 
    "currency_code" : "AUD", 
    "currency_name" : "Australian Dollar"
}
{ 
    "country" : "North Korea", 
    "currency_code" : "KPW", 
    "currency_name" : "North Korean Won"
}
{ 
    "country" : "North Macedonia", 
    "currency_code" : "MKD", 
    "currency_name" : "Denar"
}
{ 
    "country" : "Northern Ireland", 
    "currency_code" : null, 
    "currency_name" : null
}
{ 
    "country" : "Northern Mariana Islands", 
    "currency_code" : "USD", 
    "currency_name" : "US Dollar"
}
{ 
    "country" : "Norway", 
    "currency_code" : "NOK", 
    "currency_name" : "Norwegian Krone"
}
{ 
    "country" : "Oman", 
    "currency_code" : "OMR", 
    "currency_name" : "Omani Rial"
}
{ 
    "country" : "Pakistan", 
    "currency_code" : "PKR", 
    "currency_name" : "Pakistan Rupee"
}
{ 
    "country" : "Palau", 
    "currency_code" : "USD", 
    "currency_name" : "US Dollar"
}
{ 
    "country" : "Palestine", 
    "currency_code" : null, 
    "currency_name" : null
}
{ 
    "country" : "Panama", 
    "currency_code" : "PAB", 
    "currency_name" : "Panamanian Balboa"
}
{ 
    "country" : "Papua New Guinea", 
    "currency_code" : "PGK", 
    "currency_name" : "Papua New Guinea Kina"
}
{ 
    "country" : "Paraguay", 
    "currency_code" : "PYG", 
    "currency_name" : "Paraguay Guarani"
}
{ 
    "country" : "Peru", 
    "currency_code" : "PEN", 
    "currency_name" : "Peruvian Nuevo Sol"
}
{ 
    "country" : "Philippines", 
    "currency_code" : "PHP", 
    "currency_name" : "Philippine Peso"
}
{ 
    "country" : "Pitcairn", 
    "currency_code" : null, 
    "currency_name" : null
}
{ 
    "country" : "Poland", 
    "currency_code" : "PLN", 
    "currency_name" : "Polish Zloty"
}
{ 
    "country" : "Portugal", 
    "currency_code" : "EUR", 
    "currency_name" : "Euro"
}
{ 
    "country" : "Puerto Rico", 
    "currency_code" : "USD", 
    "currency_name" : "US Dollar"
}
{ 
    "country" : "Qatar", 
    "currency_code" : "QAR", 
    "currency_name" : "Qatari Rial"
}
{ 
    "country" : "Reunion", 
    "currency_code" : null, 
    "currency_name" : null
}
{ 
    "country" : "Romania", 
    "currency_code" : "RON", 
    "currency_name" : "Romanian New Leu"
}
{ 
    "country" : "Russian Federation", 
    "currency_code" : null, 
    "currency_name" : null
}
{ 
    "country" : "Rwanda", 
    "currency_code" : "RWF", 
    "currency_name" : "Rwanda Franc"
}
{ 
    "country" : "Saint Helena", 
    "currency_code" : "SHP", 
    "currency_name" : "St. Helena Pound"
}
{ 
    "country" : "Saint Kitts and Nevis", 
    "currency_code" : null, 
    "currency_name" : null
}
{ 
    "country" : "Saint Lucia", 
    "currency_code" : "XCD", 
    "currency_name" : "East Caribbean Dollar"
}
{ 
    "country" : "Saint Pierre and Miquelon", 
    "currency_code" : "EUR", 
    "currency_name" : " Euro"
}
{ 
    "country" : "Saint Vincent and the Grenadines", 
    "currency_code" : "XCD", 
    "currency_name" : "East Caribbean Dollar"
}
{ 
    "country" : "Samoa", 
    "currency_code" : "WST", 
    "currency_name" : "Samoan Tala"
}
{ 
    "country" : "San Marino", 
    "currency_code" : "EUR", 
    "currency_name" : "Euro"
}
{ 
    "country" : "Sao Tome and Principe", 
    "currency_code" : "STD", 
    "currency_name" : " Dobra"
}
{ 
    "country" : "Saudi Arabia", 
    "currency_code" : "SAR", 
    "currency_name" : "Saudi Riyal"
}
{ 
    "country" : "Scotland", 
    "currency_code" : null, 
    "currency_name" : null
}
{ 
    "country" : "Senegal", 
    "currency_code" : "XOF", 
    "currency_name" : "CFA Franc BCEAO"
}
{ 
    "country" : "Seychelles", 
    "currency_code" : "SCR", 
    "currency_name" : "Seychelles Rupee"
}
{ 
    "country" : "Sierra Leone", 
    "currency_code" : "SLL", 
    "currency_name" : "Sierra Leone Leone"
}
{ 
    "country" : "Singapore", 
    "currency_code" : "SGD", 
    "currency_name" : "Singapore Dollar"
}
{ 
    "country" : "Slovakia", 
    "currency_code" : "EUR", 
    "currency_name" : "Euro"
}
{ 
    "country" : "Slovenia", 
    "currency_code" : "EUR", 
    "currency_name" : "Euro"
}
{ 
    "country" : "Solomon Islands", 
    "currency_code" : "SBD", 
    "currency_name" : "Solomon Islands Dollar"
}
{ 
    "country" : "Somalia", 
    "currency_code" : "SOS", 
    "currency_name" : "Somali Shilling"
}
{ 
    "country" : "South Africa", 
    "currency_code" : "ZAR", 
    "currency_name" : "South African Rand"
}
{ 
    "country" : "South Georgia and the South Sandwich Islands", 
    "currency_code" : "GBP", 
    "currency_name" : "Pound Sterling"
}
{ 
    "country" : "South Korea", 
    "currency_code" : "KRW", 
    "currency_name" : "Korean Won"
}
{ 
    "country" : "South Sudan", 
    "currency_code" : "SSP", 
    "currency_name" : "South Sudan Pound"
}
{ 
    "country" : "Spain", 
    "currency_code" : "EUR", 
    "currency_name" : "Euro"
}
{ 
    "country" : "SriLanka", 
    "currency_code" : null, 
    "currency_name" : null
}
{ 
    "country" : "Sudan", 
    "currency_code" : "SDG", 
    "currency_name" : "Sudanese Pound"
}
{ 
    "country" : "Suriname", 
    "currency_code" : "SRD", 
    "currency_name" : "Surinam Dollar"
}
{ 
    "country" : "Svalbard and Jan Mayen", 
    "currency_code" : null, 
    "currency_name" : null
}
{ 
    "country" : "Swaziland", 
    "currency_code" : "SZL", 
    "currency_name" : "Swaziland Lilangeni"
}
{ 
    "country" : "Sweden", 
    "currency_code" : "SEK", 
    "currency_name" : "Swedish Krona"
}
{ 
    "country" : "Switzerland", 
    "currency_code" : "CHF", 
    "currency_name" : "Swiss Franc"
}
{ 
    "country" : "Syria", 
    "currency_code" : "SYP", 
    "currency_name" : "Syrian Pound"
}
{ 
    "country" : "Tajikistan", 
    "currency_code" : "TJS", 
    "currency_name" : "Tajik Somoni"
}
{ 
    "country" : "Tanzania", 
    "currency_code" : "TZS", 
    "currency_name" : "Tanzanian Shilling"
}
{ 
    "country" : "Thailand", 
    "currency_code" : "THB", 
    "currency_name" : "Thai Baht"
}
{ 
    "country" : "The Democratic Republic of Congo", 
    "currency_code" : null, 
    "currency_name" : null
}
{ 
    "country" : "Togo", 
    "currency_code" : "XOF", 
    "currency_name" : "CFA Franc BCEAO"
}
{ 
    "country" : "Tokelau", 
    "currency_code" : "NZD", 
    "currency_name" : "New Zealand Dollar"
}
{ 
    "country" : "Tonga", 
    "currency_code" : "TOP", 
    "currency_name" : "Tongan Pa'anga"
}
{ 
    "country" : "Trinidad and Tobago", 
    "currency_code" : "TTD", 
    "currency_name" : "Trinidad and Tobago Dollar"
}
{ 
    "country" : "Tunisia", 
    "currency_code" : "TND", 
    "currency_name" : "Tunisian Dollar"
}
{ 
    "country" : "Turkey", 
    "currency_code" : "TRY", 
    "currency_name" : "Turkish Lira"
}
{ 
    "country" : "Turkmenistan", 
    "currency_code" : "TMT", 
    "currency_name" : "Manat"
}
{ 
    "country" : "Turks and Caicos Islands", 
    "currency_code" : null, 
    "currency_name" : null
}
{ 
    "country" : "Tuvalu", 
    "currency_code" : "AUD", 
    "currency_name" : "Australian Dollar"
}
{ 
    "country" : "Uganda", 
    "currency_code" : "UGX", 
    "currency_name" : "Uganda Shilling"
}
{ 
    "country" : "Ukraine", 
    "currency_code" : "UAH", 
    "currency_name" : "Ukraine Hryvnia"
}
{ 
    "country" : "United Arab Emirates", 
    "currency_code" : "AED", 
    "currency_name" : "Arab Emirates Dirham"
}
{ 
    "country" : "United Kingdom", 
    "currency_code" : null, 
    "currency_name" : null
}
{ 
    "country" : "United States", 
    "currency_code" : null, 
    "currency_name" : null
}
{ 
    "country" : "United States Minor Outlying Islands", 
    "currency_code" : null, 
    "currency_name" : null
}
{ 
    "country" : "Uruguay", 
    "currency_code" : "UYU", 
    "currency_name" : "Uruguayan Peso"
}
{ 
    "country" : "Uzbekistan", 
    "currency_code" : "UZS", 
    "currency_name" : "Uzbekistan Sum"
}
{ 
    "country" : "Vanuatu", 
    "currency_code" : "VUV", 
    "currency_name" : "Vanuatu Vatu"
}
{ 
    "country" : "Venezuela", 
    "currency_code" : "VEF", 
    "currency_name" : "Venezuelan Bolivar"
}
{ 
    "country" : "Vietnam", 
    "currency_code" : "VND", 
    "currency_name" : "Vietnamese Dong"
}
{ 
    "country" : "Virgin Islands, British", 
    "currency_code" : null, 
    "currency_name" : null
}
{ 
    "country" : "Virgin Islands, U.S.", 
    "currency_code" : null, 
    "currency_name" : null
}
{ 
    "country" : "Wales", 
    "currency_code" : null, 
    "currency_name" : null
}
{ 
    "country" : "Wallis and Futuna", 
    "currency_code" : null, 
    "currency_name" : null
}
{ 
    "country" : "Western Sahara", 
    "currency_code" : "MAD", 
    "currency_name" : "Moroccan Dirham"
}
{ 
    "country" : "Yemen", 
    "currency_code" : "YER", 
    "currency_name" : "Yemeni Rial"
}
{ 
    "country" : "Yugoslavia", 
    "currency_code" : null, 
    "currency_name" : null
}
{ 
    "country" : "Zambia", 
    "currency_code" : "ZMW", 
    "currency_name" : "Zambian Kwacha"
}
{ 
    "country" : "Zimbabwe", 
    "currency_code" : "ZWD", 
    "currency_name" : "Zimbabwe Dollar"
}
